<?xml version="1.0" encoding="UTF-8"?>
<templates id="template" xml:space="preserve">

    <t t-name="wt_attachment_preview_pdf.DocumentViewer.Content">
        <div class="o_viewer_content">
            <t t-set="model" t-value="widget.modelName" />
            <div class="o_viewer-header">
                <span class="o_image_caption">
                    <i class="fa fa-picture-o mr8" t-if="widget.activeAttachment.fileType == 'image'" role="img" aria-label="Image" title="Image" />
                    <i class="fa fa-file-text mr8" t-if="widget.activeAttachment.fileType == 'application/pdf'" role="img" aria-label="PDF file" title="PDF file" />
                    <i class="fa fa-video-camera mr8" t-if="widget.activeAttachment.fileType == 'video'" role="img" aria-label="Video" title="Video" />
                    <span class="o_viewer_document_name" t-esc="widget.activeAttachment.name" />
                </span>
                <div class="o-autogrow" />
                <a class="o_download_btn o_document_viewer_topbar_button btn" href="#" title="Download">
                    <i class="fa fa-fw fa-download" role="img" aria-label="Download" />
                    <span class="d-none d-md-inline ml-2">Download</span>
                </a>
                <a role="button" href="#" class="o_close_btn o_document_viewer_topbar_button btn" title="Close">
                    <i class="fa fa-fw fa-close" role="img" aria-label="Close" />
                </a>
            </div>
            <div class="o_viewer_img_wrapper">
                <div class="o_viewer_zoomer" style="padding-bottom:45px;">
                    <t t-if="widget.activeAttachment.fileType === 'image'">
                        <div class="o_loading_img text-center">
                            <i class="fa fa-circle-o-notch fa-spin text-gray-light fa-3x fa-fw" role="img" aria-label="Loading" title="Loading" />
                        </div>
                        <t t-set="unique" t-value="widget.activeAttachment.checksum ? widget.activeAttachment.checksum.slice(-8) : ''" />
                        <img class="o_viewer_img" t-attf-src="/web/image/#{widget.activeAttachment.id}?unique=#{unique}&amp;model=#{model}" alt="Viewer" />
                    </t>
                    <iframe t-if="widget.activeAttachment.fileType == 'application/pdf'" class="o_AttachmentViewer_view o_AttachmentViewer_viewIframe o_AttachmentViewer_viewPdf" t-attf-src="/web/static/lib/pdfjs/web/viewer.html?file=/web/content/#{widget.activeAttachment.id}?model%3D#{model}%26filename%3D#{window.encodeURIComponent(widget.activeAttachment.name)}" />
                    <iframe t-if="(widget.activeAttachment.fileType || '').indexOf('text') !== -1" class="o_viewer_text" t-attf-src="/web/content/#{widget.activeAttachment.id}?model=#{model}" />
                    <iframe t-if="widget.activeAttachment.fileType == 'youtu'" class="o_viewer_text" allow="autoplay; encrypted-media" width="560" height="315" t-attf-src="https://www.youtube.com/embed/#{widget.activeAttachment.youtube}" />
                    <video t-if="widget.activeAttachment.fileType == 'video'" class="o_viewer_video" controls="controls">
                        <source t-attf-src="/web/image/#{widget.activeAttachment.id}?model=#{model}" t-att-data-type="widget.activeAttachment.mimetype" />
                    </video>
                </div>
            </div>
            <div t-if="widget.activeAttachment.fileType == 'image'" class="o_viewer_toolbar btn-toolbar" role="toolbar">
                <div class="btn-group" role="group">
                    <a role="button" href="#" class="o_viewer_toolbar_btn btn o_zoom_in" data-toggle="tooltip" title="Zoom In">
                        <i class="fa fa-fw fa-plus" role="img" aria-label="Zoom In" />
                    </a>
                    <a role="button" href="#" class="o_viewer_toolbar_btn btn o_zoom_reset disabled" data-toggle="tooltip" title="Reset Zoom">
                        <i class="fa fa-fw fa-search" role="img" aria-label="Reset Zoom" />
                    </a>
                    <a role="button" href="#" class="o_viewer_toolbar_btn btn o_zoom_out disabled" data-toggle="tooltip" title="Zoom Out">
                        <i class="fa fa-fw fa-minus" role="img" aria-label="Zoom Out" />
                    </a>
                </div>
                <div class="btn-group" role="group">
                    <a role="button" href="#" class="o_viewer_toolbar_btn btn o_rotate" data-toggle="tooltip" title="Rotate">
                        <i class="fa fa-fw fa-repeat" role="img" aria-label="Rotate" />
                    </a>
                </div>
                <div class="btn-group" role="group">
                    <a role="button" href="#" class="o_viewer_toolbar_btn btn o_print_btn" data-toggle="tooltip" title="Print">
                        <i class="fa fa-fw fa-print" role="img" aria-label="Print" />
                    </a>
                    <a role="button" href="#" class="o_viewer_toolbar_btn btn o_download_btn" data-toggle="tooltip" title="Download">
                        <i class="fa fa-fw fa-download" role="img" aria-label="Download" />
                    </a>
                </div>
            </div>
        </div>
    </t>

    <t t-name="wt_attachment_preview_pdf.DocumentViewer">
        <div class="modal o_modal_fullscreen" tabindex="-1" data-keyboard="false" role="dialog">
            <t class="o_document_viewer_content_call" t-call="wt_attachment_preview_pdf.DocumentViewer.Content" />

            <t t-if="widget.attachment.length !== 1">
                <a class="arrow arrow-left move_previous" href="#">
                    <span class="fa fa-chevron-left" role="img" aria-label="Previous" title="Previous" />
                </a>
                <a class="arrow arrow-right move_next" href="#">
                    <span class="fa fa-chevron-right" role="img" aria-label="Next" title="Next" />
                </a>
            </t>
        </div>
    </t>

    <t t-name="wt_attachment_preview_pdf.PrintImage">
        <html>
            <head>
                <script>
                    function onload_img() {
                        setTimeout('print_img()', 10);
                    }
                    function print_img() {
                        window.print();
                        window.close();
                    }
                </script>
            </head>
            <body onload='onload_img()'>
                <img t-att-src='src' alt="" />
            </body>
        </html>
    </t>

	<t t-name="FieldAttachmentFileUploader.attachment_preview">
		<t t-set="url" t-value="widget.metadata[file.id] ? widget.metadata[file.id].url : false" />
		<t t-if="file.data" t-set="file" t-value="file.data" />
		<t t-set="editable" t-value="widget.mode === 'edit'" />
		<t t-if="file.mimetype" t-set="mimetype" t-value="file.mimetype" />
		<div t-attf-class="o_attachment o_attachment_many2many #{ editable ? 'o_attachment_editable' : '' } #{upload ? 'o_attachment_uploading' : ''}" t-att-title="file.name">
			<div class="o_attachment_wrap" t-att-data-id="file.id" style="cursor: pointer;">
				<t t-set="ext" t-value="file.name.replace(/^.*\./, '')" />
				<div class="o_image_box float-left" t-att-data-id="file.id">
					<a t-att-href="url" t-att-title="'Download ' + file.name" aria-label="Download">
						<span class="o_image o_hover" t-att-data-mimetype="mimetype" t-att-data-ext="ext" role="img" t-attf-data-src="/web/content/{{file.id}}" />
					</a>
				</div>

				<div class="caption">
					<a class="ml4" t-att-href="url" t-att-title="'Download ' + file.name">
						<t t-esc='file.name' />
					</a>
				</div>
				<div class="caption small">
					<a class="ml4 small text-uppercase" t-att-href="url" t-att-title="'Download ' + file.name">
						<b>
							<t t-esc='ext' />
						</b>
					</a>
					<div t-if="editable" class="progress o_attachment_progress_bar">
						<div class="progress-bar progress-bar-striped active" style="width: 100%">Uploading</div>
					</div>
				</div>

				<div t-if="editable" class="o_attachment_uploaded">
					<i class="text-success fa fa-check" role="img" aria-label="Uploaded" title="Uploaded" />
				</div>
				<div t-if="editable" class="o_attachment_delete" t-att-data-id="file.id">
					<span class="text-white" role="img" aria-label="Delete" title="Delete">×</span>
				</div>
			</div>
		</div>
	</t>

	<div t-name="FieldAttachmentFileUploader.files" class="o_attachments" aria-atomic="true">
		<!-- uploaded files -->
		<t t-foreach="widget.value.data" t-as="file">
			<t t-if="!file.data.upload" t-call="FieldAttachmentFileUploader.attachment_preview" />
		</t>
		<!-- uploading files -->
		<t t-foreach="widget.uploadingFiles" t-as="file">
			<t t-set="upload" t-value="true" />
			<t t-call="FieldAttachmentFileUploader.attachment_preview" />
		</t>
	</div>

</templates>