id,name,model_id:id,group_id:id,perm_read,perm_write,perm_create,perm_unlink
access_crm_stage_checklist,access.crm.stage,model_stage_check_list,base.group_user,1,0,0,0
access_crm_stage_check_list_manager,access.crm.stage.group.sale.manager,model_stage_check_list,sales_team.group_sale_manager,1,1,1,1
access_crm_lead_check_history,access.crm.lead.check.history,model_crm_lead_check_history,base.group_user,1,0,0,0
access_crm_lead_check_history_manager,access.crm.lead.check.history.group.sale.manager,model_crm_lead_check_history,sales_team.group_sale_manager,1,1,1,1
