<?xml version="1.0" encoding="utf-8"?>
<odoo>
    <data>
        <record model="ir.module.category" id="module_block_ui_debug_mode">
            <field name="name">Access Debug</field>
            <field name="sequence">100</field>
            <field name="parent_id" ref="base.module_category_administration"/>
        </record>

        <record id="group_allow_debug" model="res.groups">
            <field name="name">Allow</field>
            <field name="category_id" ref="odx_restrict_debug.module_block_ui_debug_mode"/>
        </record>
    </data>
</odoo>