id,name,model_id:id,group_id:id,perm_read,perm_write,perm_create,perm_unlink
access_user_audit_log_manager,access.user.audit.log.manager,model_user_audit_log,user_audit.user_audit_log_group_manager,1,1,1,1
access_user_audit_log_user,access.user.audit.log.user,model_user_audit_log,user_audit.user_audit_log_group_user,1,0,0,0
access_user_audit_manager,access.user.audit,model_user_audit,user_audit.user_audit_log_group_manager,1,1,1,1
access_user_audit_user,access.user.audit,model_user_audit,user_audit.user_audit_log_group_user,1,0,0,0
access_clear_user_log_manager,access.clear.user.log,model_clear_user_log,user_audit.user_audit_log_group_manager,1,1,1,1
