<?xml version="1.0" encoding="UTF-8" ?>
<odoo>
    <!-- This is a template extending the 'point_of_sale.ProductItem' template. -->
    <t t-name="low_product_stock" t-inherit="point_of_sale.ProductItem" t-inherit-mode="extension" owl="1">
        <xpath expr="//div[hasclass('product-img')]" position="inside">
            <t t-if="props.product.alert_tag">
                <span class="alert_tag position-absolute top-0 start-0 translate-middle"
                      style="background-color: #7f82ac; padding: 2px 5px; border-radius: 2px; position: absolute; left: 0; top: 0;">
                    <i class="fa fa-warning text-danger" style="color: red;"></i>
                    <t t-esc="props.product.alert_tag"/>
                </span>
            </t>
        </xpath>
    </t>
</odoo>



