<?xml version="1.0" encoding="UTF-8"?>
<odoo>
    <data noupdate="1">

        <!-- Remove old running exports that were started 24h before-->
        <record id="ir_cron_clean_old_running_exports" model="ir.cron">
            <field name="name">Remove old running exports</field>
            <field name="model_id" ref="smile_impex.model_ir_model_export"/>
            <field name="state">code</field>
            <field name="code">model._kill_impex(hours=24)</field>
            <field name="user_id" ref="base.user_root"/>
            <field name="interval_number">1</field>
            <field name="interval_type">days</field>
            <field name="numbercall">-1</field>
            <field name="nextcall" eval="time.strftime('%Y-%m-%d 02:00:00')"/>
        </record>

        <!-- Remove old running imports that were started 24h before-->
        <record id="ir_cron_clean_old_running_imports" model="ir.cron">
            <field name="name">Remove old running imports</field>
            <field name="model_id" ref="smile_impex.model_ir_model_import"/>
            <field name="state">code</field>
            <field name="code">model._kill_impex(hours=24)</field>
            <field name="user_id" ref="base.user_root"/>
            <field name="interval_number">1</field>
            <field name="interval_type">days</field>
            <field name="numbercall">-1</field>
            <field name="nextcall" eval="time.strftime('%Y-%m-%d 02:00:00')"/>
        </record>

    </data>
</odoo>
