<templates id="template" xml:space="preserve">
<t t-name="one2many_mass_select_delete.One2manyDelete" t-inherit="web.X2ManyField" t-inherit-mode="primary" owl="1">
    <xpath expr="//div[hasclass('o_x2m_control_panel')]" position="before">
        <div>
        <button t-if="hasSelected" class="btn btn-danger" t-on-click="deleteSelected">
            <span class="fa fa-trash"/>
        </button>
        <button t-if="hasSelected" class="btn btn-success" t-on-click="deleteUnselected">
             <span class="fa fa-check"/>
        </button>
            <t t-if="props.readonly">
         <span class="oe_form_char_content"/>
        </t>
    </div>
    </xpath>
</t>
</templates>


