<?xml version="1.0" encoding="utf-8"?>
<templates id="template" xml:space="preserve">
        <t t-name="OrderReceipt" t-inherit="point_of_sale.OrderReceipt" t-inherit-mode="extension" owl="1">
            <xpath expr="//div[contains(text(), 'Total Taxes')]" position="before">
                <!--     Display total items and total count inside order receipt    -->
                <div>
                    <span>Total Items</span>
                    <span style="float:right;">
                        <t t-esc='receipt.count'/>
                    </span>

                </div>
                <div>
                    <span>Total Count</span>
                    <span style="float:right;">
                        <t t-esc='receipt.sum'/>
                    </span>
                </div>
            </xpath>
        </t>
</templates>