id,name,model_id:id,group_id:id,perm_read,perm_write,perm_create,perm_unlink
access_account_invoice_line_agent,access_account_invoice_line_agent,model_account_invoice_line_agent,account.group_account_invoice,1,1,1,1
access_commission,access_commission,commission.model_commission,account.group_account_invoice,1,0,0,0
access_commission_section_user,access_commission_section_user,commission.model_commission_section,account.group_account_invoice,1,0,0,0
access_commission_make_invoice,access_commission_make_invoice,model_commission_make_invoice,group_invoicing_commission,1,1,1,0
access_commission_settlement_user,access_commission_settlement_user,commission.model_commission_settlement,group_invoicing_commission,1,1,1,1
access_invoice_commission_analysis_report,access_invoice_commission_analysis_report,model_invoice_commission_analysis_report,group_invoicing_commission,1,0,0,0
