id,name,model_id:id,group_id:id,perm_read,perm_write,perm_create,perm_unlink
access_all_in_one_dynamic_custom_fields_administrator,dynamic.fields,model_dynamic_fields,all_in_one_dynamic_custom_fields.group_all_in_one_dynamic_custom_fields_administrator,1,1,1,1
access_all_in_one_dynamic_custom_fields_user,dynamic.fields,model_dynamic_fields,all_in_one_dynamic_custom_fields.group_all_in_one_dynamic_custom_fields_user,1,0,0,0
access_dynamic_field_widgets,"dynamic.field.widgets","model_dynamic_field_widgets",,1,1,1,1

