<?xml version="1.0" encoding="utf-8"?>
<odoo>
    <data noupdate="1">
        <!-- Defines a custom widget for the 'image' field of the project model. -->
        <record id="project_field_image_widgets" model="project.field.widgets">
            <field name="name">image</field>
            <field name="description">Image</field>
        </record>

        <!-- Defines a custom widget for the 'many2many_tags' field of the project model. -->
        <record id="project_field_many2many_tag_widget"
                model="project.field.widgets">
            <field name="name">many2many_tags</field>
            <field name="description">Many2many Tags</field>
        </record>

        <!-- Defines a custom widget for the 'binary' field of the project model. -->
        <record id="project_field_many2many_binary_widget"
                model="project.field.widgets">
            <field name="name">binary</field>
            <field name="description">Binary</field>
        </record>

        <!-- Defines a custom widget for the 'radio' field of the project model. -->
        <record id="project_field_radio_widget" model="project.field.widgets">
            <field name="name">radio</field>
            <field name="description">Radio</field>
        </record>

        <!-- Defines a custom widget for the 'priority' field of the project model. -->
        <record id="project_field_priority_widget"
                model="project.field.widgets">
            <field name="name">priority</field>
            <field name="description">Priority</field>
        </record>

        <!-- Defines a custom widget for the 'monetary' field of the project model. -->
        <record id="project_field_monetary_widget"
                model="project.field.widgets">
            <field name="name">monetary</field>
            <field name="description">Monetary</field>
        </record>

        <!-- Defines a custom widget for the 'selection' field of the project model. -->
        <record id="project_field_selection_widget"
                model="project.field.widgets">
            <field name="name">selection</field>
            <field name="description">Selection</field>
        </record>
    </data>
</odoo>