id,name,model_id:id,group_id:id,perm_read,perm_write,perm_create,perm_unlink
access_fleet_reserved_employee,access.fleet.reserved.employee,model_fleet_reserved,base.group_user,1,1,1,0
access_fleet_reserved_hr,access.fleet.reserved.hr,model_fleet_reserved,hr.group_hr_manager,1,1,1,1
access_fleet_reserved_hr_user,access.fleet.reserved.hr.user,model_fleet_reserved,hr.group_hr_user,1,1,1,0
access_employee_fleet_employee,access.employee.fleet.employee,model_employee_fleet,base.group_user,1,1,1,0
access_employee_fleet_hr,access.employee.fleet.hr,model_employee_fleet,hr.group_hr_manager,1,1,1,1
access_employee_fleet_hr_user,access.employee.fleet.hr.user,model_employee_fleet,hr.group_hr_user,1,1,1,0
