<?xml version="1.0" encoding="UTF-8" ?>
<odoo>
    <!--    Cron job for Done the RFQ-->
    <record id="ir_cron_quote_rfq" model="ir.cron">
        <field name="name">Set RFQs as Done</field>
        <field name="model_id" ref="model_vendor_rfq"/>
        <field name="state">code</field>
        <field name="code">model.set_rfq_done()</field>
        <field name="user_id" ref="base.user_root"/>
        <field name="interval_number">1</field>
        <field name="interval_type">days</field>
        <field name="numbercall">-1</field>
    </record>
</odoo>
