id,name,model_id:id,group_id:id,perm_read,perm_write,perm_create,perm_unlink
ndev_workflow.access_workflow_workflow_user,access_workflow_workflow,ndev_workflow.model_workflow_workflow,base.group_user,1,1,1,1
ndev_workflow.access_mail_activity,access_mail_activity_user,ndev_workflow.model_mail_activity,base.group_user,1,1,1,1
ndev_workflow.access_workflow_workflow_name_value_user,access_workflow_workflow_name_value,ndev_workflow.model_workflow_workflow_name_value,base.group_user,1,1,1,1
ndev_workflow.access_workflow_process_user,access_workflow_process,ndev_workflow.model_workflow_process,base.group_user,1,0,0,0
ndev_workflow.access_workflow_server_user,access_workflow_server,ndev_workflow.model_workflow_server,base.group_user,1,0,0,0
ndev_workflow.access_workflow_workflow,access_workflow_workflow,ndev_workflow.model_workflow_workflow,ndev_workflow.group_manager,1,1,1,1
ndev_workflow.access_mail_activity,access_mail_activity,ndev_workflow.model_mail_activity,ndev_workflow.group_manager,1,1,1,1
ndev_workflow.access_workflow_workflow_name_value,access_workflow_workflow_name_value,ndev_workflow.model_workflow_workflow_name_value,ndev_workflow.group_manager,1,1,1,1
ndev_workflow.access_workflow_process,access_workflow_process,ndev_workflow.model_workflow_process,ndev_workflow.group_manager,1,1,1,1
ndev_workflow.access_workflow_server,access_workflow_server,ndev_workflow.model_workflow_server,ndev_workflow.group_manager,1,1,1,1
ndev_workflow.access_workflow_message,access_workflow_message,ndev_workflow.model_workflow_message,ndev_workflow.group_manager,1,1,1,1
ndev_workflow.access_workflow_message_user,access_workflow_message_user,ndev_workflow.model_workflow_message,base.group_user,1,1,1,1
ndev_workflow.access_workflow_ir_actions_server,access_workflow_ir_actions_server,base.model_ir_actions_server,base.group_user,1,0,0,0
