<?xml version="1.0" encoding="utf-8"?>
<odoo noupdate="0">

    <record model="ir.module.category" id="ndev_workflow.module_category_workflow">
        <field name="description">Helps you handle your workflow needs</field>
        <field name="sequence">7</field>
        <field name="name">Workflow</field>
    </record>

    <record id="group_manager" model="res.groups">
        <field name="name">Workflow Administrator</field>
        <field name="category_id" ref="ndev_workflow.module_category_workflow"/>
        <field name="users" eval="[(4, ref('base.user_root')), (4, ref('base.user_admin'))]"/>
    </record>
</odoo>
