<?xml version="1.0" encoding="UTF-8" ?>
<odoo>
    <data noupdate="1">
        <record id="email_template_minutes_of_meeting" model="mail.template">
            <field name="name">Minutes of Meeting</field>
            <field name="model_id" ref="calendar.model_calendar_event"/>
            <field name="email_from">{{ (object.responsible_user_id.email_formatted or user.email_formatted) }}</field>
            <field name="subject">Minutes of Meeting -  {{ object.name }}
            </field>
            <field name="description">Sent to attendees with minutes of meeting
            </field>
            <field name="body_html" type="html">
                <div style="margin: 0px; padding: 0px;">
                    <p style="margin: 0px; padding: 0px; font-size: 13px;">
                        Hi &#160;Team,
                        <br/>
                        <br/>
                        Please find the attached minutes of meeting of the
                        <t t-if="object.name">
                            "<span t-out="object.name or ''">
                            </span>"
                        </t>
                        <br/>
                        <br/>
                    </p>
                </div>
            </field>
            <field name="lang">{{ object.partner_id.lang }}</field>
            <field name="auto_delete" eval="True"/>
        </record>

    </data>
</odoo>