<?xml version='1.0' encoding='utf-8'?>
<odoo>
    <record id="ndev_workflow_message_vacuum" model="ir.cron">
        <field name="name">Workflow: Vacuum done messages</field>
        <field name="model_id" ref="model_workflow_message"/>
        <field name="state">code</field>
        <field name="code">model.vacuum_done()</field>
        <field name="interval_number">1</field>
        <field name="interval_type">days</field>
        <field name="numbercall">-1</field>
        <field eval="False" name="doall"/>
        <field name="active">True</field>
    </record>
</odoo>
