<?xml version="1.0" encoding="utf-8"?>
<odoo>
        <record id="mail_activity_data_agree" model="mail.activity.type">
            <field name="name">To agree</field>
            <field name="icon">fa-thumbs-up</field>
            <field name="category">approve</field>
            <field name="delay_count">3</field>
            <field name="sequence">3</field>
        </record>
        <record id="mail_activity_data_approve" model="mail.activity.type">
            <field name="name">Approve</field>
            <field name="icon">fa-check</field>
            <field name="category">approve</field>
            <field name="delay_count">3</field>
            <field name="sequence">3</field>
        </record>
</odoo>
