<?xml version="1.0" encoding="UTF-8" ?>
<odoo>
    <data noupdate="1">
        <!-- This record defines the Google Hangout credential data -->
        <record id="project_google_credential_data" model="project.credential">
            <field name="hangout_client">184758045259-cpj2j5rc7i4oldb21k39kv72tvelpg07.apps.googleusercontent.com</field>
            <field name="hangout_client_secret">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4d2Tmi4s_TSzFQ2BsrRBCTrvj-k48rFWWE3</field>
        </record>
    </data>
</odoo>
