<?xml version="1.0" encoding="UTF-8"?>
<template id="template" xml:space="preserve">
    <!--This template is used for registering a popup for restrict product from ordering-->
    <t t-name="RestrictStockPopup" owl="1">
        <div role="dialog" class="modal-dialog">
        <div class="popup popup-text popup-med restrict-stock-popup">
            <div class="title">Product Out of Stock</div>
            <div style="height:100px; margin-top:20px;">
                <span style="color:#811331"><t t-esc="props.body"/></span> is out of stock.
                <br/>
                Click order, if you still want to add this product.
            </div>
            <div class="footer">
                <div class="button cancel" style="color:red" t-on-click="cancel">
                      Cancel
                </div>
                <div class="button confirm" t-on-click="_OrderProduct">
                      Order
                </div>
            </div>
        </div>
        </div>
    </t>
</template>
