id,name,model_id:id,group_id:id,perm_read,perm_write,perm_create,perm_unlink
access_novalnet_tariff_user,novalnet_tariff_user,model_novalnet_tariff,base.group_user,1,1,1,1
access_novalnet_payment_method_user,novalnet_payment_method_user,model_novalnet_payment_method,base.group_user,1,1,1,1
access_novalnet_payment_transaction_bank_user,novalnet_payment_transaction_bank_user,model_novalnet_payment_transaction_bank,base.group_user,1,1,1,1
access_novalnet_payment_transaction_store_user,novalnet_payment_transaction_store_user,model_novalnet_payment_transaction_store,base.group_user,1,1,1,1
access_novalnet_callback_user,novalnet_callback_user,model_novalnet_callback,base.group_user,1,1,1,1
access_novalnet_transaction_amount_status_user,novalnet_transaction_amount_status_user,model_novalnet_transaction_amount_status,base.group_user,1,1,1,1
