<?xml version="1.0" encoding="utf-8"?>
<odoo>
    <data noupdate="1">

        <record id="fleet.fleet_rule_vehicle_visibility_user" model="ir.rule">
            <field name="name">User can only see his/her vehicle</field>
            <field name="model_id" ref="fleet.model_fleet_vehicle"/>
            <field name="groups" eval="[(4, ref('base.group_user'))]"/>
            <field name="perm_read" eval="True"/>
            <field name="perm_write" eval="True"/>
            <field name="perm_create" eval="True"/>
            <field name="perm_unlink" eval="False"/>
	        <field name="domain_force">[]</field>
        </record>

    </data>
</odoo>