<?xml version="1.0" encoding="utf-8"?>
<template>
    <t t-name="ProductDashboard">
        <div class="oh_dashboards">
            <div class="container-fluid my-5 o_hr_dashboard"/>

        </div>
    </t>

    <t t-name="ProductMainSection">
        <section class="dashboard_main" id="main_section">
            <div class="col-sm-12 mb-4">
                <div class="row">
                    <div class="col-12 col-sm-12 col-md-8">
                        <h2 class="section-header">Product Dashboard</h2>
                    </div>

                    <!--      Tiles    -->
                    <div class="col-sm-12 mb-3">
                        <div class="row">
                            <div class="col-md-3 col-sm-5 all_products oh-data">
                                <div class="oh-card" style="width: 288px;">
                                    <div class="oh-card-body">
                                        <div class="stat-widget-one">
                                            <div class="stat-icon" style="background:#ff4d94">
                                                <i class="fa fa-star"/>
                                            </div>
                                            <div class="stat-content">
                                                <div class="stat-head">Products</div>
                                                <div class="stat_count">
                                                    <span id="templates">
                                                        <div id="product_templates"/>
                                                    </span>
                                                </div>
                                            </div>
                                        </div>
                                    </div>
                                </div>
                            </div>
                            <div class="col-md-3 col-sm-5 product_variants oh-data">
                                <div class="oh-card" style="width: 288px;">
                                    <div class="oh-card-body">
                                        <div class="stat-widget-one">
                                            <div class="stat-icon" style="background:#99e6ff">
                                                <i class="fa fa-star"/>
                                            </div>
                                            <div class="stat-content">
                                                <div class="stat-head">Product Variants</div>
                                                <div class="stat_count">
                                                    <span id="count">
                                                        <div id="variants_count"/>
                                                    </span>
                                                </div>
                                            </div>
                                        </div>
                                    </div>
                                </div>
                            </div>
                            <div class="col-md-3 col-sm-5 storable_products oh-data">
                                <div class="oh-card" style="width: 288px;">
                                    <div class="oh-card-body">
                                        <div class="stat-widget-one">
                                            <div class="stat-icon" style="background:#aaff80">
                                                <i class="fa fa-star"/>
                                            </div>
                                            <div class="stat-content">
                                                <div class="stat-head">Storable Products</div>
                                                <div class="stat_count">
                                                    <span id="storable">
                                                        <div id="products_storable"/>
                                                    </span>
                                                </div>
                                            </div>
                                        </div>
                                    </div>
                                </div>
                            </div>
                            <div class="col-md-3 col-sm-5 consu_products oh-data">
                                <div class="oh-card" style="width: 288px;">
                                    <div class="oh-card-body">
                                        <div class="stat-widget-one">
                                            <div class="stat-icon" style="background:#bf80ff">
                                                <i class="fa fa-star"/>
                                            </div>
                                            <div class="stat-content">
                                                <div class="stat-head">Consumable Products</div>
                                                <div class="stat_count">
                                                    <span id="consumable">
                                                        <div id="product_consumable"/>
                                                    </span>

                                                </div>
                                            </div>
                                        </div>
                                    </div>
                                </div>
                            </div>
                            <div class="col-md-3 col-sm-5 service_prod oh-data">
                                <div class="oh-card" style="width: 288px;">
                                    <div class="oh-card-body">
                                        <div class="stat-widget-one">
                                            <div class="stat-icon" style="background:#ff4d94">
                                                <i class="fa fa-star"/>
                                            </div>
                                            <div class="stat-content">
                                                <div class="stat-head">Service Products</div>
                                                <div class="stat_count">
                                                    <span id="service">
                                                        <div id="product_service"/>
                                                    </span>

                                                </div>
                                            </div>
                                        </div>
                                    </div>
                                </div>
                            </div>
                            <div class="col-md-3 col-sm-5 categ_prod oh-data">
                                <div class="oh-card" style="width: 288px;">
                                    <div class="oh-card-body">
                                        <div class="stat-widget-one">
                                            <div class="stat-icon" style="background:#99e6ff">
                                                <i class="fa fa-star"/>
                                            </div>
                                            <div class="stat-content">
                                                <div class="stat-head">Product Category</div>
                                                <div class="stat_count">
                                                    <span id="categ">
                                                        <div id="product_categ"/>
                                                    </span>

                                                </div>
                                            </div>
                                        </div>
                                    </div>
                                </div>
                            </div>
                            <div class="col-md-3 col-sm-5 categ_prod oh-data">
                                <div class="oh-card" style="width: 288px;">
                                    <div class="oh-card-body">
                                        <div class="stat-widget-one">
                                            <div class="stat-icon" style="background:#aaff80">
                                                <i class="fa fa-star"/>
                                            </div>
                                            <div class="stat-content">
                                                <div class="stat-head">Price Lists</div>
                                                <div class="stat_count">
                                                    <span id="categ">
                                                        <div id="product_pricelist"/>
                                                    </span>

                                                </div>
                                            </div>
                                        </div>
                                    </div>
                                </div>
                            </div>
                            <div class="col-md-3 col-sm-5 categ_prod oh-data">
                                <div class="oh-card" style="width: 288px;">
                                    <div class="oh-card-body">
                                        <div class="stat-widget-one">
                                            <div class="stat-icon" style="background:#bf80ff">
                                                <i class="fa fa-star"/>
                                            </div>
                                            <div class="stat-content">
                                                <div class="stat-head">Product Attribute</div>
                                                <div class="stat_count">
                                                    <span id="categ">
                                                        <div id="product_attribute"/>
                                                    </span>

                                                </div>
                                            </div>
                                        </div>
                                    </div>
                                </div>
                            </div>

                        </div>
                    </div>
                </div>
            </div>
        </section>
    </t>
    <t t-name="ProductGraphs">
        <div class="col-xs-12 col-sm-12 col-lg-12 col-md-12">
            <div class="row main-section">
                <div class="col-sm-6 col-lg-6 top_chart">
                    <div class="chart_head"
                         style="font-size: 17px;text-align: center;padding: 12px 0;color: #fff;font-weight: 700;background: #0b3c38b0;">
                        Top Sale Charts
                    </div>
                    <div class="top_chart_pie_div half_chart chart-container card-shadow">
                        <div class="graph_canvas">
                            <canvas class="top_sale_chart" width="200" height="120"/>
                        </div>
                    </div>
                </div>
                <div class="col-sm-6 col-lg-6 top_chart">
                    <div class="chart_head"
                         style="font-size: 17px;text-align: center;padding: 12px 0;color: #fff;font-weight: 700;background: #3e6c1eb0;">
                        Top Purchase Charts
                    </div>
                    <div class="top_chart_pie_div half_chart chart-container card-shadow">
                        <div class="graph_canvas">
                            <canvas class="top_purchase_chart" width="200" height="120"/>
                        </div>
                    </div>
                </div>

            </div>
        </div>
        <br/>
        <div class="col-xs-12 col-sm-12 col-lg-12 col-md-12">
            <div class="row main-section">
                <div class="col-sm-6 col-lg-6">
                    <div class="purchase_prod_categ chart-container card-shadow">
                        <div class="chart_head"
                             style="font-size: 17px;text-align: left;padding: 12px 0;color: #fff;font-weight: 700;background: #669731d4;text-align: center;">
                            Product Moves Monthly Analysis
                        </div>
                        <div class="form-group col-4" style="padding: 12px 0;" id="vendor_select">
                            <select id="prod_selection" class="btn btn-primary">
                            </select>
                        </div>
                        <div style="height: 20px; max-height: 20px;"
                             id="purchase_product">

                        </div>
                    </div>
                </div>
                <div class="col-sm-6 col-lg-6">
                    <div class="purchase_prod_categ chart-container card-shadow" id="tiles">
                        <div class="chart_head"
                             style="font-size: 17px;text-align: left;padding: 12px 0;color: #fff;font-weight: 700;background: #137660c2;text-align: center;">
                            Product By Location
                        </div>
                        <div style="height: 20px; max-height: 20px;"
                             class="d-flex justify-content-between align-items-center">
                            <div class="form-group col-4" id="product_categ_select">
                                <select id="product_location_selection" class="btn btn-primary">
                                </select>
                            </div>
                        </div>
                        <div class="graph_canvas" style="margin-top: 30px;">
                            <canvas id="product_qty" height="500px" width="150px"/>
                        </div>
                    </div>
                </div>
            </div>
        </div>
        <br/>
    </t>


</template>